,Awake,Stage 1,Stage 2,Stage 3/4,REM
Awake,1.0,1.0,0.007004363078854114,1.3747074834353335e-05,1.0
Stage 1,1.0,1.0,0.16096714163601683,0.0010065698610412191,1.0
Stage 2,0.007004363078854114,0.16096714163601683,1.0,1.0,0.521554426827092
Stage 3/4,1.3747074834353335e-05,0.0010065698610412191,1.0,1.0,0.005721058745840421
REM,1.0,1.0,0.521554426827092,0.005721058745840421,1.0
